Workbook

Sheet Danh sách nhà đất
A1: DANH SÁCH BẤT ĐỘNG SẢN & TÍNH HOA HỒNG MÔI GIỚI
A2: Dự án Khởi nghiệp Smart-Home | Cập nhật: 20/05/2024
A4: STT | B4: Mã BĐS | C4: Tên BĐS | D4: Loại BĐS | E4: Giá bán (VNĐ) | F4: Mã MG | G4: Tỷ lệ hoa hồng | H4: Hoa hồng (VNĐ)
A5: 1 | B5: SH001 | C5: Diamond Park Plaza #1 | D5: Biệt thự | E5: 3100000000 | F5: MG03 | G5: =VLOOKUP(F5, BangTraCuu!$A$3:$C$6, 3, FALSE) | H5: =E5*G5
A6: 2 | B6: SH002 | C6: Skyline Apartment #2 | D6: Biệt thự | E6: 6000000000 | F6: MG01 | G6: =VLOOKUP(F6, BangTraCuu!$A$3:$C$6, 3, FALSE) | H6: =E6*G6
A7: 3 | B7: SH003 | C7: Diamond Park Plaza #3 | D7: Nhà phố | E7: 16400000000 | F7: MG01 | G7: =VLOOKUP(F7, BangTraCuu!$A$3:$C$6, 3, FALSE) | H7: =E7*G7
A8: 4 | B8: SH004 | C8: Dragon Hill Villa #4 | D8: Căn hộ | E8: 3300000000 | F8: MG01 | G8: =VLOOKUP(F8, BangTraCuu!$A$3:$C$6, 3, FALSE) | H8: =E8*G8
A9: 5 | B9: SH005 | C9: Sunrise Apartment #5 | D9: Biệt thự | E9: 8400000000 | F9: MG01 | G9: =VLOOKUP(F9, BangTraCuu!$A$3:$C$6, 3, FALSE) | H9: =E9*G9
A10: 6 | B10: SH006 | C10: Eco Green City #6 | D10: Biệt thự | E10: 19100000000 | F10: MG04 | G10: =VLOOKUP(F10, BangTraCuu!$A$3:$C$6, 3, FALSE) | H10: =E10*G10
A11: 7 | B11: SH007 | C11: Skyline Apartment #7 | D11: Căn hộ | E11: 17500000000 | F11: MG03 | G11: =VLOOKUP(F11, BangTraCuu!$A$3:$C$6, 3, FALSE) | H11: =E11*G11
A12: 8 | B12: SH008 | C12: Villa Riverside #8 | D12: Biệt thự | E12: 13300000000 | F12: MG03 | G12: =VLOOKUP(F12, BangTraCuu!$A$3:$C$6, 3, FALSE) | H12: =E12*G12
A13: 9 | B13: SH009 | C13: Ocean View Villa #9 | D13: Biệt thự | E13: 8000000000 | F13: MG03 | G13: =VLOOKUP(F13, BangTraCuu!$A$3:$C$6, 3, FALSE) | H13: =E13*G13
A14: 10 | B14: SH010 | C14: Sunrise Apartment #10 | D14: Biệt thự | E14: 12200000000 | F14: MG01 | G14: =VLOOKUP(F14, BangTraCuu!$A$3:$C$6, 3, FALSE) | H14: =E14*G14
A15: 11 | B15: SH011 | C15: Central House #11 | D15: Căn hộ | E15: 17900000000 | F15: MG03 | G15: =VLOOKUP(F15, BangTraCuu!$A$3:$C$6, 3, FALSE) | H15: =E15*G15
A16: 12 | B16: SH012 | C16: Villa Riverside #12 | D16: Nhà phố | E16: 14200000000 | F16: MG01 | G16: =VLOOKUP(F16, BangTraCuu!$A$3:$C$6, 3, FALSE) | H16: =E16*G16
... A104: 100 | B104: SH100 | C104: Sunrise Apartment #100 | D104: Biệt thự | E104: 6300000000 | F104: MG01 | G104: =VLOOKUP(F104, BangTraCuu!$A$3:$C$6, 3, FALSE) | H104: =E104*G104

Sheet BangTraCuu
A1: BẢNG TRA CỨU HOA HỒNG MÔI GIỚI
A2: Mã MG | B2: Tên Môi giới | C2: Tỷ lệ hoa hồng
A3: MG01 | B3: Nguyễn Văn An | C3: 0.02
A4: MG02 | B4: Trần Minh | C4: 0.015
A5: MG03 | B5: Lê Hằng | C5: 0.018
A6: MG04 | B6: Phạm Nam | C6: 0.016
