Workbook

Sheet Danh sách nhà đất
A1: Mã BĐS | B1: Tên BĐS | C1: Loại BĐS | D1: Hình thức | E1: Giá niêm yết (VND) | F1: Tỷ lệ chiết khấu | G1: Giá sau chiết khấu (VND) | H1: Mã MG | I1: Môi giới | J1: Tỷ lệ hoa hồng | K1: Hoa hồng (VND) | L1: Giá thuê ước tính mỗi tháng (VND)
A2: SH001 | B2: Ocean View Villa | C2: Biệt thự | D2: Đấu giá bán | E2: 16350000000 | F2: 0.02 | G2: =E2*(1-F2) -> 16023000000 | H2: MG01 | I2: =VLOOKUP(H2,'Bảng tra môi giới'!$A$2:$C$5,2,FALSE()) -> Nguyễn An | J2: =VLOOKUP(H2,'Bảng tra môi giới'!$A$2:$C$5,3,FALSE()) -> 0.02 | K2: =G2*J2 -> 320460000 | L2: =G2*'Tham số'!$B$2 -> 80115000
A3: SH002 | B3: Skyline Apartment | C3: Căn hộ | D3: Cho thuê | E3: 3950000000 | F3: 0 | G3: =E3*(1-F3) -> 3950000000 | H3: MG03 | I3: =VLOOKUP(H3,'Bảng tra môi giới'!$A$2:$C$5,2,FALSE()) -> Lê Hằng | J3: =VLOOKUP(H3,'Bảng tra môi giới'!$A$2:$C$5,3,FALSE()) -> 0.018 | K3: =G3*J3 -> 71100000 | L3: =G3*'Tham số'!$B$2 -> 19750000
A4: SH003 | B4: Central House | C4: Nhà phố | D4: Cho thuê | E4: 6300000000 | F4: 0.02 | G4: =E4*(1-F4) -> 6174000000 | H4: MG03 | I4: =VLOOKUP(H4,'Bảng tra môi giới'!$A$2:$C$5,2,FALSE()) -> Lê Hằng | J4: =VLOOKUP(H4,'Bảng tra môi giới'!$A$2:$C$5,3,FALSE()) -> 0.018 | K4: =G4*J4 -> 1.11132e+08 | L4: =G4*'Tham số'!$B$2 -> 30870000
A5: SH004 | B5: Lô đất Thanh Xuân | C5: Đất nền | D5: Đấu giá bán | E5: 3500000000 | F5: 0 | G5: =E5*(1-F5) -> 3500000000 | H5: MG02 | I5: =VLOOKUP(H5,'Bảng tra môi giới'!$A$2:$C$5,2,FALSE()) -> Trần Minh | J5: =VLOOKUP(H5,'Bảng tra môi giới'!$A$2:$C$5,3,FALSE()) -> 0.015 | K5: =G5*J5 -> 52500000 | L5: =G5*'Tham số'!$B$2 -> 17500000
A6: SH005 | B6: Lô đất Đại Phước | C6: Đất nền | D6: Cho thuê | E6: 2650000000 | F6: 0.01 | G6: =E6*(1-F6) -> 2623500000 | H6: MG02 | I6: =VLOOKUP(H6,'Bảng tra môi giới'!$A$2:$C$5,2,FALSE()) -> Trần Minh | J6: =VLOOKUP(H6,'Bảng tra môi giới'!$A$2:$C$5,3,FALSE()) -> 0.015 | K6: =G6*J6 -> 39352500 | L6: =G6*'Tham số'!$B$2 -> 13117500
A7: SH006 | B7: Park View Apartment | C7: Căn hộ | D7: Đấu giá bán | E7: 3650000000 | F7: 0.05 | G7: =E7*(1-F7) -> 3467500000 | H7: MG04 | I7: =VLOOKUP(H7,'Bảng tra môi giới'!$A$2:$C$5,2,FALSE()) -> Phạm Nam | J7: =VLOOKUP(H7,'Bảng tra môi giới'!$A$2:$C$5,3,FALSE()) -> 0.016 | K7: =G7*J7 -> 55480000 | L7: =G7*'Tham số'!$B$2 -> 17337500
A8: SH007 | B8: Pine House | C8: Nhà phố | D8: Đấu giá bán | E8: 6850000000 | F8: 0.03 | G8: =E8*(1-F8) -> 6644500000 | H8: MG03 | I8: =VLOOKUP(H8,'Bảng tra môi giới'!$A$2:$C$5,2,FALSE()) -> Lê Hằng | J8: =VLOOKUP(H8,'Bảng tra môi giới'!$A$2:$C$5,3,FALSE()) -> 0.018 | K8: =G8*J8 -> 1.19601e+08 | L8: =G8*'Tham số'!$B$2 -> 33222500
A9: SH008 | B9: Hillside Villa | C9: Biệt thự | D9: Cho thuê | E9: 18800000000 | F9: 0.02 | G9: =E9*(1-F9) -> 18424000000 | H9: MG01 | I9: =VLOOKUP(H9,'Bảng tra môi giới'!$A$2:$C$5,2,FALSE()) -> Nguyễn An | J9: =VLOOKUP(H9,'Bảng tra môi giới'!$A$2:$C$5,3,FALSE()) -> 0.02 | K9: =G9*J9 -> 368480000 | L9: =G9*'Tham số'!$B$2 -> 92120000
A10: SH009 | B10: Lô đất Eco Park | C10: Đất nền | D10: Cho thuê | E10: 4800000000 | F10: 0.05 | G10: =E10*(1-F10) -> 4560000000 | H10: MG03 | I10: =VLOOKUP(H10,'Bảng tra môi giới'!$A$2:$C$5,2,FALSE()) -> Lê Hằng | J10: =VLOOKUP(H10,'Bảng tra môi giới'!$A$2:$C$5,3,FALSE()) -> 0.018 | K10: =G10*J10 -> 82080000 | L10: =G10*'Tham số'!$B$2 -> 22800000
A11: SH010 | B11: Central Apartment | C11: Căn hộ | D11: Đấu giá bán | E11: 4350000000 | F11: 0.02 | G11: =E11*(1-F11) -> 4263000000 | H11: MG03 | I11: =VLOOKUP(H11,'Bảng tra môi giới'!$A$2:$C$5,2,FALSE()) -> Lê Hằng | J11: =VLOOKUP(H11,'Bảng tra môi giới'!$A$2:$C$5,3,FALSE()) -> 0.018 | K11: =G11*J11 -> 76734000 | L11: =G11*'Tham số'!$B$2 -> 21315000
A12: SH011 | B12: City Light Apartment | C12: Căn hộ | D12: Đấu giá bán | E12: 3800000000 | F12: 0 | G12: =E12*(1-F12) -> 3800000000 | H12: MG04 | I12: =VLOOKUP(H12,'Bảng tra môi giới'!$A$2:$C$5,2,FALSE()) -> Phạm Nam | J12: =VLOOKUP(H12,'Bảng tra môi giới'!$A$2:$C$5,3,FALSE()) -> 0.016 | K12: =G12*J12 -> 60800000 | L12: =G12*'Tham số'!$B$2 -> 19000000
A13: SH012 | B13: Maple House | C13: Nhà phố | D13: Cho thuê | E13: 6550000000 | F13: 0.01 | G13: =E13*(1-F13) -> 6484500000 | H13: MG02 | I13: =VLOOKUP(H13,'Bảng tra môi giới'!$A$2:$C$5,2,FALSE()) -> Trần Minh | J13: =VLOOKUP(H13,'Bảng tra môi giới'!$A$2:$C$5,3,FALSE()) -> 0.015 | K13: =G13*J13 -> 97267500 | L13: =G13*'Tham số'!$B$2 -> 32422500
... A31: SH030 | B31: Lô đất Xanh | C31: Đất nền | D31: Cho thuê | E31: 4050000000 | F31: 0 | G31: =E31*(1-F31) -> 4050000000 | H31: MG02 | I31: =VLOOKUP(H31,'Bảng tra môi giới'!$A$2:$C$5,2,FALSE()) -> Trần Minh | J31: =VLOOKUP(H31,'Bảng tra môi giới'!$A$2:$C$5,3,FALSE()) -> 0.015 | K31: =G31*J31 -> 60750000 | L31: =G31*'Tham số'!$B$2 -> 20250000

Sheet Bảng tra môi giới
A1: Mã MG | B1: Môi giới | C1: Tỷ lệ hoa hồng
A2: MG01 | B2: Nguyễn An | C2: 0.02
A3: MG02 | B3: Trần Minh | C3: 0.015
A4: MG03 | B4: Lê Hằng | C4: 0.018
A5: MG04 | B5: Phạm Nam | C5: 0.016

Sheet Tham số
A1: Tham số | B1: Giá trị | C1: Ghi chú
A2: Tỷ suất cho thuê mỗi tháng | B2: 0.005 | C2: Giả định của bài tập: giá thuê tháng bằng 0,5% giá sau chiết khấu

Sheet Tổng hợp
A1: Chỉ tiêu | B1: Giá trị
A2: Số bất động sản | B2: =COUNTA('Danh sách nhà đất'!$A$2:$A$31) -> 30
A3: Tổng giá niêm yết (VND) | B3: =SUM('Danh sách nhà đất'!$E$2:$E$31) -> 201050000000
A4: Tổng giá sau chiết khấu (VND) | B4: =SUM('Danh sách nhà đất'!$G$2:$G$31) -> 196163000000
A5: Tổng hoa hồng (VND) | B5: =SUM('Danh sách nhà đất'!$K$2:$K$31) -> 3567292000
A6: Hoa hồng bình quân trên giá sau chiết khấu | B6: =B5/B4 -> 0.018185346
A8: Môi giới | B8: Hoa hồng (VND)
A9: ='Bảng tra môi giới'!B2 -> Nguyễn An | B9: =SUMIF('Danh sách nhà đất'!$H$2:$H$31,'Bảng tra môi giới'!A2,'Danh sách nhà đất'!$K$2:$K$31) -> 1695790000
A10: ='Bảng tra môi giới'!B3 -> Trần Minh | B10: =SUMIF('Danh sách nhà đất'!$H$2:$H$31,'Bảng tra môi giới'!A3,'Danh sách nhà đất'!$K$2:$K$31) -> 354660000
A11: ='Bảng tra môi giới'!B4 -> Lê Hằng | B11: =SUMIF('Danh sách nhà đất'!$H$2:$H$31,'Bảng tra môi giới'!A4,'Danh sách nhà đất'!$K$2:$K$31) -> 1018530000
A12: ='Bảng tra môi giới'!B5 -> Phạm Nam | B12: =SUMIF('Danh sách nhà đất'!$H$2:$H$31,'Bảng tra môi giới'!A5,'Danh sách nhà đất'!$K$2:$K$31) -> 498312000
A13: Tổng | B13: =SUM(B9:B12) -> 3567292000
A15: Ghi chú: danh sách nhà đất là dữ liệu mẫu tạo ngẫu nhiên cho bài tập. Chữ xanh là ô nhập liệu, chữ đen là công thức.
